input,slew_ps,load_fF,tr_ps,tf_ps,tphl_ps,tplh_ps,tp_ps
A,10,0.5,14.4186,13.555,118.146,135.443,126.794
B,10,0.5,14.486,13.5517,93.8028,105.33,99.5664
C,10,0.5,14.6234,13.5547,97.5883,115.176,106.382
A,10,10,54.282,57.7212,158.354,168.608,163.481
B,10,10,54.3027,57.718,134.006,138.517,136.261
C,10,10,54.3437,57.7164,137.792,148.417,143.105
A,10,100,464.547,494.739,495.106,448.432,471.769
B,10,100,464.548,494.738,470.753,418.355,444.554
C,10,100,464.55,494.738,474.539,428.275,451.407
A,100,0.5,14.4291,13.5584,153.152,166.913,160.032
B,100,0.5,14.501,13.6065,117.637,141.341,129.489
C,100,0.5,14.6402,13.5805,119.76,151.792,135.776
A,100,10,54.2819,57.7229,193.36,200.078,196.719
B,100,10,54.3076,57.7359,157.848,174.526,166.187
C,100,10,54.3452,57.7284,159.965,185.033,172.499
A,100,100,464.546,494.739,530.116,479.902,505.009
B,100,100,464.548,494.738,494.639,454.371,474.505
C,100,100,464.55,494.738,496.738,464.894,480.816
A,1000,0.5,14.6558,13.7086,279.094,293.828,286.461
B,1000,0.5,17.2046,15.4592,182.626,338.765,260.695
C,1000,0.5,16.9656,15.4425,180.517,371.846,276.181
A,1000,10,54.3458,57.8148,319.36,327.064,323.212
B,1000,10,55.1494,58.6748,223.936,373.225,298.581
C,1000,10,55.0717,58.6894,221.866,406.175,314.021
A,1000,100,464.547,494.74,656.231,606.928,631.579
B,1000,100,464.561,494.749,561.334,653.275,607.305
C,1000,100,464.562,494.75,559.262,686.216,622.739
