input,output_transition,slew_ps,load_fF,energy_fJ,power_nW
A,rise,10,0.5,27.0168,3377.11
A,fall,10,0.5,35.3625,4420.31
B,rise,10,0.5,30.2976,3787.2
B,fall,10,0.5,20.4778,2559.72
C,rise,10,0.5,35.1992,4399.9
C,fall,10,0.5,20.685,2585.63
A,rise,10,10,58.3011,7287.64
A,fall,10,10,36.1615,4520.18
B,rise,10,10,61.5768,7697.1
B,fall,10,10,21.2873,2660.92
C,rise,10,10,66.4589,8307.36
C,fall,10,10,21.5023,2687.79
A,rise,10,100,350.192,43774
A,fall,10,100,36.5353,4566.91
B,rise,10,100,353.478,44184.7
B,fall,10,100,21.6543,2706.79
C,rise,10,100,358.371,44796.3
C,fall,10,100,21.8704,2733.8
A,rise,100,0.5,25.9885,3248.56
A,fall,100,0.5,34.6353,4329.41
B,rise,100,0.5,29.2109,3651.37
B,fall,100,0.5,19.6367,2454.59
C,rise,100,0.5,34.4227,4302.84
C,fall,100,0.5,19.8759,2484.48
A,rise,100,10,57.2713,7158.91
A,fall,100,10,35.4347,4429.34
B,rise,100,10,60.4818,7560.22
B,fall,100,10,20.4394,2554.92
C,rise,100,10,65.6859,8210.74
C,fall,100,10,20.6809,2585.12
A,rise,100,100,349.165,43645.7
A,fall,100,100,35.8091,4476.14
B,rise,100,100,352.387,44048.4
B,fall,100,100,20.829,2603.62
C,rise,100,100,357.598,44699.8
C,fall,100,100,21.062,2632.75
A,rise,1000,0.5,28.2277,3528.47
A,fall,1000,0.5,37.8459,4730.73
B,rise,1000,0.5,34.29,4286.25
B,fall,1000,0.5,22.0628,2757.85
C,rise,1000,0.5,39.2975,4912.19
C,fall,1000,0.5,21.5973,2699.66
A,rise,1000,10,59.4836,7435.46
A,fall,1000,10,38.6232,4827.9
B,rise,1000,10,65.3949,8174.36
B,fall,1000,10,22.7311,2841.38
C,rise,1000,10,70.4103,8801.28
C,fall,1000,10,22.2796,2784.95
A,rise,1000,100,351.401,43925.1
A,fall,1000,100,39.0409,4880.11
B,rise,1000,100,357.398,44674.7
B,fall,1000,100,23.3467,2918.34
C,rise,1000,100,362.41,45301.2
C,fall,1000,100,22.8829,2860.36
